{"initial_reset_timestamp": 1614873549.6645875, "timestamps": [1614873577.8222396, 1614873604.8669322, 1614873631.8006191, 1614873658.1225708, 1614873683.3876355], "episode_lengths": [612, 609, 596, 564, 559], "episode_rewards": [8634.7862033844, 8476.690117835999, 8338.73324728012, 7638.595303058624, 7154.749996185303], "episode_types": ["t", "t", "t", "t", "t"]}