{"initial_reset_timestamp": 1614850006.6073647, "timestamps": [1614850022.9150827], "episode_lengths": [331], "episode_rewards": [3104.5207867622375], "episode_types": ["t"]}